UNITID,INSTNM,CITY,STABBR,HIGHDEG,CONTROL,CCBASIC,ADM_RATE,SAT_AVG,UGDS,NPT4_PRIV,NPT41_PRIV,NPT42_PRIV,NPT43_PRIV,NPT44_PRIV,NPT45_PRIV,COSTT4_A,TUITIONFEE_IN,PCTPELL,C150_4,RET_FT4,RPY_3YR_RT,PAR_ED_PCT_1STGEN,DEP_INC_AVG,GRAD_DEBT_MDN,LO_INC_DEBT_MDN,HI_INC_DEBT_MDN,FIRSTGEN_DEBT_MDN,COUNT_WNE_P10,MD_EARN_WNE_P10,PCT25_EARN_WNE_P10,PCT75_EARN_WNE_P10,PCT90_EARN_WNE_P10,_key,real_PCT75_EARN_WNE_P10,real_COSTT4_A,real_NPT41_PRIV,real_NPT44_PRIV,real_GRAD_DEBT_MDN,real_PCT25_EARN_WNE_P10,real_NPT4_PRIV,real_HI_INC_DEBT_MDN,real_NPT43_PRIV,real_DEP_INC_AVG,real_MD_EARN_WNE_P10,real_TUITIONFEE_IN,real_NPT42_PRIV,real_LO_INC_DEBT_MDN,real_FIRSTGEN_DEBT_MDN,real_PCT90_EARN_WNE_P10,real_NPT45_PRIV,is_stanford
243744,Stanford University,Stanford,CA,4,2,15.0,0.0361,1553.0,7554,13807.0,-2536.0,-193.0,3212.0,11092.0,53882.0,87833.0,65910.0,0.1916,0.9192,0.9818,0.8992,0.3033854167,84509.973316,12000.0,6500.0,12000.0,8413.0,796,124080.0,73321.0,219740.0,232800.0,stanford university,225528.60494977827,90146.78237259432,-2602.8057802522876,11384.196259683902,12316.115679427228,75252.49314427366,14170.717432154313,12316.115679427228,3296.6136301933548,86736.21728543036,127348.63612527755,67646.26536925406,-198.08419384412127,6671.229326356416,8634.623434251773,238932.64418088825,55301.41208657483,True
217156,Brown University,Providence,RI,4,2,15.0,0.0539,1546.0,7226,25184.0,-420.0,2031.0,5858.0,16219.0,44937.0,87648.0,71412.0,0.1384,0.9569,0.9882,0.8700209644,0.1704035874,109656.95702,11428.0,7847.0,11076.0,10000.0,598,93487.0,63520.0,164436.0,161000.0,brown university,168767.73315519132,89956.90892253649,-431.064048779953,16646.256683719184,11729.047498707865,65193.30566310146,25847.42143922461,11367.774772111332,6012.317137507059,112545.64730935832,95949.72554355112,73293.20440827144,2084.5025787430586,8053.713311372122,10263.429732856024,165241.218698982,46120.774190535114,False
110404,California Institute of Technology,Pasadena,CA,4,2,15.0,0.0257,,987,16075.0,-2133.0,-2886.0,431.0,18753.0,54157.0,86886.0,65898.0,0.1799,0.9437,0.9737,,,,,,,,67,128566.0,78105.0,225460.0,189000.0,california institute of technology,231399.2867569719,89174.83557689284,-2189.18956201819,19247.0097780249,,80162.51792847198,16498.46329556606,,442.35382148609466,,131952.81070343676,67633.94925357462,-2962.0258209022486,,,193978.82195097886,55583.65640422837,False
211440,Carnegie Mellon University,Pittsburgh,PA,4,2,15.0,0.1166,1546.0,7304,31944.0,9097.0,6994.0,14468.0,24865.0,51480.0,83654.0,66246.0,0.1604,0.9413,0.98,0.9117859725,0.0995024876,,21750.0,19000.0,20500.0,20000.0,938,114862.0,72560.0,182769.0,172000.0,carnegie mellon university,187583.67888443626,85857.69508723379,9336.642027979125,25520.018030746505,22322.959668961852,74471.44614160332,32785.49993863529,21040.03095235485,14849.130137496097,,117887.80659753087,67991.11660827801,7178.242755159504,19500.516492426446,20526.85946571205,176530.9914051236,52836.13626474281,False
190150,Columbia University in the City of New York,New York,NY,4,2,15.0,0.0399,1553.0,8973,21590.0,4570.0,2275.0,5866.0,11782.0,50621.0,89472.0,71845.0,0.2271,0.961,0.98,0.7604951561,0.2504905167,88384.660131,21500.0,23000.0,15000.0,20000.0,1384,102491.0,62687.0,162279.0,205500.0,columbia university in the city of new york,166553.91136181427,91828.95850580942,4690.387387915203,12092.372911250968,22066.37392564045,64338.36196635456,22158.744793236157,15395.144599284036,6020.527881293344,90712.97487168798,105190.91767501467,73737.6109157041,2334.9302642247453,23605.888385568855,20526.85946571205,210913.4810101913,51954.50765069048,False
190415,Cornell University,Ithaca,NY,4,2,15.0,0.0876,1535.0,15995,28690.0,1776.0,4070.0,6796.0,14311.0,49992.0,88140.0,69314.0,0.1841,0.9538,0.9838,0.8747210711,0.1541640178,101314.63752,14000.0,8800.0,14170.0,11155.0,2027,104043.0,67090.0,166446.0,178800.0,cornell university,170830.68253149537,90461.869665393,1822.78512055523,14687.994290690256,14368.801625998434,68857.35007773107,29445.779903563933,14543.279931456986,6975.026846448954,103983.56630962985,106783.80196955393,71139.93685031825,4177.215901272401,9031.818164913302,11448.855867000895,183510.1236234657,51308.93792049384,False
182670,Dartmouth College,Hanover,NH,4,2,15.0,0.054,1534.0,4541,29519.0,41.0,489.0,2695.0,8534.0,52036.0,87793.0,68268.0,0.1435,0.9554,0.9842,0.8680555556,0.1736263736,117391.32598,17500.0,7867.0,17483.0,11000.0,390,97434.0,64562.0,189467.0,210500.0,dartmouth college,194458.12411950322,90105.7286536629,42.0800619047097,8758.810934019331,17961.002032498043,66262.75504126506,30296.618228417698,17943.554201952185,2765.9943130046986,120483.76254425258,100000.70125910938,70066.3821002615,501.8817139366596,8074.240170837834,11289.772706141626,216045.1958766193,53406.782957889605,False
166027,Harvard University,Cambridge,MA,4,2,15.0,0.0365,1553.0,7601,19066.0,8697.0,2991.0,2091.0,9941.0,53337.0,85540.0,61676.0,0.1643,0.9758,0.983,0.7071428571,0.25708061,73075.559607,14000.0,12500.0,11535.0,12736.0,612,101817.0,65309.0,200054.0,250000.0,harvard university,205324.01717767792,87793.37793485043,8926.104838664884,10202.875497432173,14368.801625998434,67029.4332423094,19568.255128663295,11838.866196849423,2146.0831571401945,75000.58712155765,104499.16251102019,63300.72922036282,3069.791833097237,12829.287166070031,13071.504107765433,256585.7433214006,54742.055166134174,False
162928,Johns Hopkins University,Baltimore,MD,4,2,15.0,0.0644,1553.0,5693,18809.0,428.0,-213.0,4179.0,14591.0,37774.0,85947.0,65230.0,0.1949,0.9378,0.9809,0.822309417,0.1312714777,123341.6744,10250.0,7395.0,10000.0,8750.0,1162,87555.0,64509.0,135223.0,148600.0,johns hopkins university,138785.175876599,88211.09952497768,439.27479256623786,14975.370323210225,10520.015476177425,66208.35886368093,19304.484984528895,10263.429732856024,4289.087285360532,126590.86083372068,89861.45902602092,66948.35214741985,-218.61105330983332,7589.80628744703,8980.501016249022,152514.56583024052,38769.07947289035,False
166683,Massachusetts Institute of Technology,Cambridge,MA,4,2,15.0,0.0455,1560.0,4535,20111.0,-2533.0,93.0,1480.0,11555.0,48479.0,82730.0,62396.0,0.1932,0.9641,0.9908,0.9182282794,0.2585139319,88351.859701,14768.0,6500.0,13837.0,13000.0,650,143372.0,88222.0,243025.0,242300.0,massachusetts institute of technology,249427.00108273354,84909.3541799179,-2599.726751332431,11859.393056315135,15157.033029481776,90546.02978920241,20640.783535746752,14201.50772135288,1518.9876004626915,90679.31038083673,147148.8447659034,64039.69616112845,95.44989651556102,6671.229326356416,13342.458652712832,248682.90242710148,49756.08100191272,False
147767,Northwestern University,Evanston,IL,4,2,15.0,0.0769,1533.0,9201,29167.0,1764.0,6099.0,7898.0,18282.0,48777.0,91250.0,68322.0,0.1855,0.9513,0.981,0.8701616854,0.1515711645,104163.09285,15000.0,12500.0,15000.0,13572.0,1747,89363.0,61037.0,139122.0,173600.0,northwestern university,142786.8871294396,93653.79631231123,1810.4690048758027,18763.602237607385,15395.144599284036,62644.89606043331,29935.345501821164,15395.144599284036,8106.056803009688,106907.05842229328,91717.08712172128,70121.80462081893,6259.665794068889,12829.287166070031,13929.526833432195,178173.1401623806,50061.93120795183,False
186131,Princeton University,Princeton,NJ,4,2,15.0,0.0462,1553.0,5709,6128.0,41.0,352.0,1217.0,4478.0,36094.0,84040.0,62688.0,0.1924,0.9761,0.9835,0.8639455782,0.2773972603,,10320.0,5500.0,12000.0,5500.0,329,110066.0,68313.0,197494.0,217200.0,princeton university,202696.57916606677,86253.86347492202,42.0800619047097,4595.9638343729275,10591.859484307417,70112.56753405936,6289.429740294172,12316.115679427228,1249.0593984885782,,112965.46569765311,64339.38830932784,361.27272659653204,5644.886353070813,5644.886353070813,222921.69379763285,37044.823277770534,False
227757,Rice University,Houston,TX,4,2,15.0,0.08,1553.0,4776,13370.0,5827.0,563.0,3217.0,17755.0,48466.0,79788.0,64144.0,0.1703,0.9464,0.9741,0.8716707022,0.1447587354,85156.510467,11000.0,6500.0,9804.0,8893.0,552,89718.0,62982.0,143920.0,161600.0,rice university,147711.2807152639,81889.85315251164,5980.500505335205,18222.71949068587,11289.772706141626,64641.13314347381,13722.205552828504,10062.266510092046,3301.745345059783,87399.78614732731,92081.43887723768,65833.74367843168,577.8310939597942,6671.229326356416,9127.268061428862,165857.02448295336,49742.738543260006,False
144050,University of Chicago,Chicago,IL,4,2,15.0,0.0448,1554.0,7569,14860.0,-1264.0,914.0,226.0,12602.0,48524.0,90360.0,70662.0,0.1526,0.9585,0.9926,0.8724324324,0.202435312,107141.12893,15000.0,8250.0,14500.0,13783.0,780,91885.0,60576.0,158433.0,195000.0,university of chicago,162606.59628655785,92740.35106608704,-1297.2975182330015,12933.974149345162,15395.144599284036,62171.75194974865,15251.456583024052,14881.973112641235,231.95351196254614,109963.54482719228,94305.52410034758,72523.44717830724,938.0774775830406,8467.32952960622,14146.085200795458,200136.87979069247,49802.266435710575,False
215062,University of Pennsylvania,Philadelphia,PA,4,2,15.0,0.054,1553.0,10650,28699.0,-3012.0,316.0,10439.0,25476.0,55972.0,89028.0,68686.0,0.1653,0.9654,0.9888,0.8442136499,0.1876351059,98373.94004,15715.0,12500.0,15000.0,13000.0,1523,111371.0,69735.0,183142.0,236200.0,university of pennsylvania,187966.5048134718,91373.26222567061,-3091.3450355362347,26147.113587424006,16128.979825183242,71572.02724207149,29455.016990323504,15395.144599284036,10713.994298128404,100965.40211447318,114304.84327779083,70495.3934630949,324.32437955825037,12829.287166070031,13342.458652712832,242422.2102900593,57446.46890074174,False
130794,Yale University,New Haven,CT,4,2,15.0,0.0387,1534.0,6758,23777.0,17633.0,15626.0,17943.0,12558.0,45951.0,88300.0,67250.0,0.2039,0.9574,0.9878,0.8607305936,0.25,81884.743697,12975.0,8294.0,12000.0,9790.0,408,100533.0,66022.0,193688.0,184800.0,yale university,198790.31780974177,90626.08454111869,18097.50564794503,12888.815058520595,13316.800078380691,67761.21578226205,24403.35687581177,12316.115679427228,18415.671969663563,84041.83131270847,103181.33813332146,69021.56495345676,16037.635300560823,8512.488620430786,10047.897708466047,189668.18146317932,47161.485965446715,False
